<?xml version="1.0" encoding="utf-8" ?>
<component name="GetVttDataTask" extends="Task">
    <interface>
        <field id="vttUrl" type="string" />
        <field id="result" type="assocarray" alwaysNotify="true"/>
        <field id="error" type="assocarray" alwaysNotify="true"/>
    </interface>
  <script type="text/brightscript" uri="pkg:/components/bitmovinPlayer/vtt/GetVttDataTask.brs" />
  <script type="text/brightscript" uri="pkg:/components/bitmovinPlayer/vtt/VttParser.brs" />
  <script type="text/brightscript" uri="pkg:/source/bitmovinPlayer/utils/util.brs" />
  <script type="text/brightscript" uri="pkg:/source/bitmovinPlayer/utils/requestUtil.brs" />
</component>
