<?xml version="1.0" encoding="utf-8" ?>
<component name="BitmovinPlayer" extends="Group">
  <children>
      <Video
          id="MainVideo"
          translation="[0,0]"
      >
        <KeyEventHandler id="KeyEventHandler" />
      </Video>
      <BitmovinPlayerTask id="bitmovinPlayerTask" />
  </children>
  <interface>
    <field id="BitmovinPlayerState" type="assocarray" />
    <field id="BitmovinFunctions" type="assocarray" />
    <field id="BitmovinFields" type="assocarray" />

    <function name="setup" />
    <function name="play" />
    <function name="instantReplay" />
    <function name="pause" />
    <function name="unload" />
    <function name="preload" />
    <function name="seek" />
    <function name="load" />
    <function name="getDuration" />
    <function name="mute" />
    <function name="unmute" />
    <function name="isMuted" />
    <function name="captionMode" />
    <function name="isPlaying" />
    <function name="isPaused" />
    <function name="isStalled" />
    <function name="availableSubtitles" />
    <function name="getSubtitle" />
    <function name="setSubtitle" />
    <function name="setSubtitleStyles" />
    <function name="getSubtitleStyles" />
    <function name="availableAudio" />
    <function name="getAudio" />
    <function name="setAudio" />
    <function name="timeShift" />
    <function name="getTimeShift" />
    <function name="getMaxTimeShift" />
    <function name="isLive" />
    <function name="getConfig" />
    <function name="setHttpHeaders" />
    <function name="getThumbnail" />

    <field id="playerState" type="string" value="" />
    <field id="error" type="assocarray" alwaysNotify="true" />
    <field id="warning" type="assocarray" alwaysNotify="true" />
    <field id="seek" type="boolean" alwaysNotify="true" />
    <field id="seeked" type="float" alwaysNotify="true" />
    <field id="timeShift" type="float" alwaysNotify="true" />
    <field id="timeShifted" type="float" alwaysNotify="true" />
    <field id="currentTime" type="float" alwaysNotify="true" />
    <field id="sourceLoaded" type="boolean" alwaysNotify="true" />
    <field id="sourceUnloaded" type="boolean" alwaysNotify="true" />
    <field id="play" type="boolean" alwaysNotify="true" />
    <field id="metadata" type="assocarray" alwaysNotify="true" />
    <field id="audioChanged" type="assocarray" alwaysNotify="true" />
    <field id="muted" type="boolean" alwaysNotify="true" />
    <field id="unmuted" type="boolean" alwaysNotify="true" />
    <field id="downloadFinished" type="assocarray" alwaysNotify="true" />
  </interface>
  <script type="text/brightscript" uri="pkg:/components/bitmovinPlayer/BitmovinPlayer.brs" />
  <script type="text/brightscript" uri="pkg:/source/bitmovinPlayer/deficiency/DeficiencyFactory.brs" />
  <script type="text/brightscript" uri="pkg:/source/bitmovinPlayer/deficiency/DeficiencyService.brs" />
  <script type="text/brightscript" uri="pkg:/source/bitmovinPlayer/enums/BitmovinFieldEnums.brs" />
  <script type="text/brightscript" uri="pkg:/source/bitmovinPlayer/enums/BitmovinFunctionEnums.brs" />
  <script type="text/brightscript" uri="pkg:/source/bitmovinPlayer/enums/BitmovinStateEnums.brs" />
  <script type="text/brightscript" uri="pkg:/source/bitmovinPlayer/enums/BitmovinControlEnums.brs" />
  <script type="text/brightscript" uri="pkg:/source/bitmovinPlayer/enums/BitmovinConfigEnums.brs" />
  <script type="text/brightscript" uri="pkg:/source/bitmovinPlayer/enums/HttpRequestTypes.brs" />
  <script type="text/brightscript" uri="pkg:/source/bitmovinPlayer/utils/metadataHandler.brs" />
  <script type="text/brightscript" uri="pkg:/source/bitmovinPlayer/utils/util.brs" />
</component>
