<?xml version="1.0" encoding="utf-8" ?>
<component name="VttHandler" extends="Group">
  <interface>
    <function name="setup" />
    <function name="runVttTask" />
    <function name="stopVttTask" />
    <function name="getThumbnail" />
  </interface>
  <script type="text/brightscript" uri="pkg:/components/bitmovinPlayer/VttHandler.brs" />
  <script type="text/brightscript" uri="pkg:/source/bitmovinPlayer/enums/BitmovinControlEnums.brs" />
  <script type="text/brightscript" uri="pkg:/source/bitmovinPlayer/utils/util.brs" />
  <script type="text/brightscript" uri="pkg:/source/bitmovinPlayer/utils/sceneGraphUtil.brs" />
</component>
